Workbook

Sheet Sheet3
A3: Row Labels | B3: Count of Status
A4: Needs improvement | B4: 2
A5: Pass | B5: 6
A6: Grand Total | B6: 8

Sheet Sheet5
A1: Name | B1: Age | C1: Gender | D1: Department | E1: Salary | F1: Performance | G1: Status | H1: performance level | J1: Manager
A2: Aishat | B2: 24 | C2: Female | D2: HR | E2: 150000 | F2: 85 | G2: =IF(F2>=80,"Pass","Needs improvement") -> Pass | J2: =VLOOKUP(D2,Sheet2!$A$3:$B$5,2,FALSE) -> Amina
A3: John | B3: 31 | C3: Male | D3: IT | E3: 300000 | F3: 88 | G3: =IF(F3>=80,"Pass","Needs improvement") -> Pass | H3: =IF(F2>=80,"Excellent",IF(F2>=70,"Good","Needs Improvement")) -> Excellent | J3: =VLOOKUP(D3,Sheet2!$A$3:$B$5,2,FALSE) -> David
A4: Mary | B4: 26 | C4: Female | D4: Finance | E4: 200000 | F4: 78 | G4: =IF(F4>=80,"Pass","Needs improvement") -> Needs improvement | J4: =VLOOKUP(D4,Sheet2!$A$3:$B$5,2,FALSE) -> Sarah
A5: Yusuf | B5: 29 | C5: Male | D5: IT | E5: 250000 | F5: 92 | G5: =IF(F5>=80,"Pass","Needs improvement") -> Pass | H5: =IF(F3>=80,"Excellent",IF(F3>=70,"Good","Needs Improvement")) -> Excellent | J5: =VLOOKUP(D5,Sheet2!$A$3:$B$5,2,FALSE) -> David
A6: Fatimah | B6: 23 | C6: Female | D6: HR | E6: 170000 | F6: 95 | G6: =IF(F6>=80,"Pass","Needs improvement") -> Pass | J6: =VLOOKUP(D6,Sheet2!$A$3:$B$5,2,FALSE) -> Amina
A7: Daniel | B7: 28 | C7: Male | D7: Finance | E7: 220000 | F7: 81 | G7: =IF(F7>=80,"Pass","Needs improvement") -> Pass | J7: =VLOOKUP(D7,Sheet2!$A$3:$B$5,2,FALSE) -> Sarah
A8: Blessing | B8: 25 | C8: Female | D8: IT | E8: 240000 | F8: 90 | G8: =IF(F8>=80,"Pass","Needs improvement") -> Pass | H8: =IF(F7>=80,"Excellent",IF(F7>=70,"Good","Needs Improvement")) -> Excellent | J8: =VLOOKUP(D8,Sheet2!$A$3:$B$5,2,FALSE) -> David
A9: Ibrahim | B9: 30 | C9: Male | D9: HR | E9: 180000 | F9: 76 | G9: =IF(F9>=80,"Pass","Needs improvement") -> Needs improvement | J9: =VLOOKUP(D9,Sheet2!$A$3:$B$5,2,FALSE) -> Amina

Sheet Sheet1
A1: Name | B1: Age | C1: Gender | D1: Department | E1: Salary | F1: Performance | G1: Status | H1: performance level | J1: Manager
A2: Aishat | B2: 24 | C2: Female | D2: HR | E2: 150000 | F2: 85 | G2: =IF(F2>=80,"Pass","Needs improvement") -> Pass | J2: =VLOOKUP(D2,Sheet2!$A$3:$B$5,2,FALSE) -> Amina
A3: John | B3: 31 | C3: Male | D3: IT | E3: 300000 | F3: 88 | G3: =IF(F3>=80,"Pass","Needs improvement") -> Pass | H3: =IF(F2>=80,"Excellent",IF(F2>=70,"Good","Needs Improvement")) -> Excellent | I3: =COUNTIF(G2:G9,"Pass") -> 6 | J3: =VLOOKUP(D3,Sheet2!$A$3:$B$5,2,FALSE) -> David
A4: Mary | B4: 26 | C4: Female | D4: Finance | E4: 200000 | F4: 78 | G4: =IF(F4>=80,"Pass","Needs improvement") -> Needs improvement | J4: =VLOOKUP(D4,Sheet2!$A$3:$B$5,2,FALSE) -> Sarah
A5: Yusuf | B5: 29 | C5: Male | D5: IT | E5: 250000 | F5: 92 | G5: =IF(F5>=80,"Pass","Needs improvement") -> Pass | H5: =IF(F3>=80,"Excellent",IF(F3>=70,"Good","Needs Improvement")) -> Excellent | I5: =SUMIF(D2:D9,"IT",E2:E9) -> 790000 | J5: =VLOOKUP(D5,Sheet2!$A$3:$B$5,2,FALSE) -> David
A6: Fatimah | B6: 23 | C6: Female | D6: HR | E6: 170000 | F6: 95 | G6: =IF(F6>=80,"Pass","Needs improvement") -> Pass | J6: =VLOOKUP(D6,Sheet2!$A$3:$B$5,2,FALSE) -> Amina
A7: Daniel | B7: 28 | C7: Male | D7: Finance | E7: 220000 | F7: 81 | G7: =IF(F7>=80,"Pass","Needs improvement") -> Pass | J7: =VLOOKUP(D7,Sheet2!$A$3:$B$5,2,FALSE) -> Sarah
A8: Blessing | B8: 25 | C8: Female | D8: IT | E8: 240000 | F8: 90 | G8: =IF(F8>=80,"Pass","Needs improvement") -> Pass | H8: =IF(F7>=80,"Excellent",IF(F7>=70,"Good","Needs Improvement")) -> Excellent | I8: =AVERAGEIF(D2:D9,"IT",E2:E9) -> 263333.33 | J8: =VLOOKUP(D8,Sheet2!$A$3:$B$5,2,FALSE) -> David
A9: Ibrahim | B9: 30 | C9: Male | D9: HR | E9: 180000 | F9: 76 | G9: =IF(F9>=80,"Pass","Needs improvement") -> Needs improvement | J9: =VLOOKUP(D9,Sheet2!$A$3:$B$5,2,FALSE) -> Amina
H10: =COUNTIF(F2:F9,">=80") -> 6
D11: TOTAL=SUM | E11: =SUM(E2:E9) -> 1710000 | F11: =AVERAGE(E2:E9) -> 213750 | G11: =COUNT(B2:B9) -> 8 | H11: =COUNTIF(C2:C9,"Female") -> 4 | I11: =COUNTIF(D2:D9,"HR") -> 3 | J11: =SUMIF(D2:D9,"HR",E2:E9) -> 500000
D13: AVERAGE SALARY
D14: =AVERAGE(E2:E9) -> 213750
E15: =MAX(E2:E9) -> 300000
D16: =AVERAGE(B2:B9) -> 27 | E16: =MAX(E2:E9) -> 300000 | F16: =MIN(E2:E9) -> 150000 | G16: =INDEX(A2:A9,MATCH(MAX(E2:E9),E2:E9,0)) -> John
G17: =COUNTIF(G2:G9,"Pass") -> 6 | H17: =COUNTIF(D2:D9,"IT") -> 3 | I17: =COUNTIF(D2:D9,"HR") -> 3 | J17: =COUNTIF(D2:D9,"Finance") -> 2 | K17: =COUNTIF(D2:D9,"IT") -> 3
D18: =AVERAGE(E2:E9) -> 213750 | E18: =AVERAGE(F2:F9) -> 85.625 | F18: =MAX(E2:E9) -> 300000 | G18: =MIN(E2:E9) -> 150000

Sheet Dashboard
A1: EMPLOYEE PERFORMANCE DASHBOARD
A2: TOTAL EMPLOYEES
B3: =COUNTA(Sheet1!A2:A9) -> 8 | D3: DEPARTMENT | E3: EMPLOYEES
D4: HR | E4: =COUNTIF(Sheet1!D2:D9,D4) -> 3
A5: AVERAGE SALARY | D5: IT | E5: =COUNTIF(Sheet1!D2:D9,D5) -> 3
B6: =AVERAGE(Sheet1!E2:E9) -> 213750 | D6: FINANCE | E6: =COUNTIF(Sheet1!D2:D9,D6) -> 2
A8: TOTAL SALARY | D8: STATUS | E8: EMPLOYEES
B9: =SUM(Sheet1!E2:E9) -> 1710000 | D9: Pass | E9: =COUNTIF(Sheet1!G2:G9,D9) -> 6
A10: AVERAGE PERFORMANCE | D10: Needs improvement | E10: =COUNTIF(Sheet1!G2:G9,D10) -> 2
B11: =AVERAGE(Sheet1!F2:F9) -> 85.625
A12: HIGHEST SALARY
B13: =MAX(Sheet1!E2:E9) -> 300000
A14: LOWEST SALARY
B15: =MIN(Sheet1!E2:E9) -> 150000
A18: KEY INSIGHTS
A19: IT has the highest average salary among the departments.
A20: 75% of employees passed, while 25% need improvement.
A21: THE AVERAGE EMPLOYEES PERFORMANCESCORE IS 85.625
A23: Overall, the data shows that employee performance is generally strong, with 75% of employees passing. IT has the highest average salary among the departments, while 2 employees may require additional performance support.

Sheet Sheet2
A1: A | B1: B | H1: manager
A2: Department | B2: Manager | H2: =VLOOKUP(D2,Sheet2!$A$3:$B$5,2,FALSE) -> #N/A
A3: HR | B3: Amina
A4: IT | B4: David
A5: Finance | B5: Sarah
